method,lambda,restart,objective,success,L0,A,C,alpha
MTL,0.9,0,0.00021364240997127324,True,2.7561173124267606,613.5027148214294,0.01790788275836802,0.914799902649023
MTL,0.9,1,0.029626444652087296,True,2.0796679151469166,5.780500022411042,0.0005822019376043251,0.15695706762799438
MTL,0.9,2,0.019358065550317823,True,2.3137828967753693,10.398294340588459,0.005594941635588848,0.26040722289621493
MTL,0.9,3,0.00013774294228963062,True,2.8302629211724777,7336.06442023363,0.021315001250472844,1.2548387761453652
MTL,0.9,4,0.011219081469508362,True,1.842290648215465,8.834555307995105,0.020797590615759563,0.20175997155351008
MTL,0.9,5,1e+30,True,2.5280162005529996,6.912002205962998,2.246377799294712,0.2205497571246935
MTL,0.9,6,0.014144034339215482,True,2.394959866032752,20.08752422109964,0.00014197376652512434,0.3627064238684648
MTL,0.9,7,1e+30,True,2.3406722893997696,15205.753314444686,1.8967192366564931,1.3174959430865094
MTL,0.9,8,0.0003303286218742978,True,2.626813906202366,63.491869049759195,0.015276056961772309,0.5956322548608232
MTL,0.9,9,0.006845645615035249,True,2.3652028111009193,37.1884048882922,0.0003661466505319444,0.4492452011826371
MTL,0.9,10,0.0001660109204993154,True,2.849890056433681,18546.786140234864,0.022520441526850413,1.3826668711214234
MTL,0.9,11,0.00031818755101736855,True,2.647535812746339,80.3879203035157,0.015596232051701632,0.6301370446084367
MTL,0.9,12,0.00025554438764293166,True,2.723310655106279,272.7155925246275,0.01706099460483026,0.8032774355284437
MTL,0.9,13,0.026464113776732797,True,2.4250531042616665,7.824606803031367,0.001585673433260194,0.22892729303609205
MTL,0.9,14,0.00022408917758925422,True,2.748882771571255,501.6685058783067,0.017708967487529825,0.8873077736419759
MTL,0.9,15,0.00039669483589204965,True,2.4911589039124347,16.238523218245277,0.014507629970347116,0.4025124918471376
MTL,0.9,16,1e+30,True,1.988673318387369,3019.7954462703115,7.098496877995873,1.0561967194056112
MTL,0.9,17,0.0022567096446796976,True,2.085679096505337,27.380998636492407,0.0009146590782861563,0.38252008265769666
MTL,0.9,18,1e+30,True,1.7586417898231985,78.77196081746122,0.31651399215952447,0.5130056926708226
MTL,0.9,19,0.013386570886194068,True,2.583916388748297,9.24759484103084,0.038287623571272814,0.2681577570373712
MTL,0.9,20,0.00020995824418873905,True,2.758691668477685,658.552579344987,0.017991571265854253,0.9244813821863047
MTL,0.9,21,0.00017641461832805107,True,2.8546303145369865,24962.564141089773,0.022799075360881358,1.423406636492611
MTL,0.9,22,0.00018155187531885273,True,2.8568726777336346,28837.92714509115,0.022937178252062023,1.4431878716677824
MTL,0.9,23,0.006528761487261878,True,2.3848267578191695,40.53952240833355,0.0006458355446410899,0.4634451860890808
MTL,0.9,24,0.00015267237652391558,True,2.8421642349539398,12443.520093709394,0.022040189028596148,1.3277518089840787
MTL,0.9,25,1e+30,True,1.8725002923805645,113.5589618927956,5.944593721094147,0.573375253132472
MTL,0.9,26,0.00021171129210531057,True,2.868050876289537,65542.84613781178,0.023650433422574595,1.5554020981669303
MTL,0.9,27,0.00037489684725274013,True,2.5171880148469827,27.093623609329313,0.013808475725453228,0.4657312413415354
MTL,0.9,28,0.0003363831318270518,True,2.6155909984849637,56.461869881520485,0.015120390322143257,0.5783492086295892
MTL,0.9,29,0.0003666844353866002,True,2.584351849465175,30.35486923468955,0.015251083793143903,0.49934534910052036
MTL,0.9,30,0.00044305985822981045,True,2.121534999588782,7.74358877677295,0.011611495198855985,0.25138891865717733
MTL,0.9,31,1e+30,True,1.8178039643658253,4514.753605261234,0.7243924952779265,1.1027913480483322
MTL,0.9,32,0.012917886053150486,True,2.5920627613897955,38.08558135286103,0.0017114432725481392,0.47384357558294166
MTL,0.9,33,0.0011058578839946815,True,2.289377508622564,54.36951405697316,0.000415293719042577,0.49778574009295096
MTL,0.9,34,0.0003011253246364154,True,2.672775087675087,112.1172498279168,0.01603464304487086,0.6781203677653941
MTL,0.9,35,0.0003008432581491766,True,2.673172748671158,112.73626790235933,0.01604359249666607,0.678907532121435
MTL,0.9,36,0.015369776631836482,True,1.8348905236722581,8.078183949862813,0.015312207553010328,0.18831766268232
MTL,0.9,37,0.00044537949327512813,True,2.1027483718707,7.031383707594618,0.011919957920360017,0.2382776243274581
MTL,0.9,38,0.00020811778752255911,True,2.7598307239579167,682.2771198246737,0.018020476382986466,0.9292826638329718
MTL,0.9,39,0.00033227892701911705,True,2.6234154273570196,61.138028369636196,0.015224779749549737,0.590162781173775
MTL,0.9,40,0.0007551944832946079,True,1.9140218456499027,25.08279731964674,0.0016679233998569906,0.35412781442976715
MTL,0.9,41,0.0004630552680742712,True,1.8375198322191442,5.0428176844052075,0.012661824048219496,0.17008206935955117
MTL,0.9,42,1e+30,True,2.311786455668179,31.230133130386264,8.580997100251697,0.41941204166832635
MTL,0.9,43,0.0003040399774685191,True,2.6687902261321472,105.91717297313917,0.015964165467785646,0.6699738758711645
MTL,0.9,44,1e+30,True,2.5188353731512274,263.440720512703,0.590551058441198,0.7465931190052685
MTL,0.9,45,0.00014002300553996462,True,2.8323904192039997,8025.090242224135,0.02144090316973472,1.2672427694215098
MTL,0.9,46,1e+30,True,2.1567117572113927,806.1640353185528,1.6020917122533793,0.8774575408548522
MTL,0.9,47,1e+30,True,2.3534865850083486,260.847137997373,4.296423703636815,0.730170157688539
MTL,0.9,48,0.0003624543608627835,True,2.59468608489834,33.170414192705685,0.015361065756659721,0.5127083883225666
MTL,0.9,49,0.0005065087572475909,True,1.7639539045897097,9.076822090241231,0.00634727825349153,0.22803859921801548
MTL,0.95,0,0.0004294158523335885,True,2.312609788899867,16.90237533790485,0.0050519661674353206,0.36889293745865015
MTL,0.95,1,0.03156032897916754,True,2.577229850731519,5.93174130418382,0.0014063412010584906,0.2032223037496391
MTL,0.95,2,0.00046852698587456957,True,1.8546222839409174,7.541623248398421,0.004316048543782796,0.2168747884049186
MTL,0.95,3,0.0010157868553618528,True,2.3025559255979573,151.98527372153333,0.000723474455078472,0.6090596006536104
MTL,0.95,4,0.00019396947056726508,True,2.7684581532792736,887.3320387850293,0.009147233926684723,0.9649735299368299
MTL,0.95,5,0.011402951968940447,True,2.5032419975035514,33.936543256403205,0.0006106019553379072,0.4484975821733361
MTL,0.95,6,1e+30,True,1.8761671281724406,1207.45416022465,0.20249583158535117,0.9157703157881733
MTL,0.95,7,0.0003349436113869061,True,2.61699959219161,57.61148722659234,0.007565168968801036,0.5811099819655555
MTL,0.95,8,0.03425534570961442,True,2.5940767502275897,5.153479729210905,0.0004913408721188446,0.1845493001523573
MTL,0.95,9,0.02784304208288887,True,2.091491465737398,6.108377686621249,0.001288475384890224,0.16582062289661104
MTL,0.95,10,0.0002553616299754785,True,2.722942445942333,271.18074950504007,0.008524350077850663,0.8024667209205547
MTL,0.95,11,1e+30,True,2.133411180990109,3254.0036548210537,3.1338669124949083,1.0776307727180219
MTL,0.95,12,1e+30,True,2.1622599721075466,19.135201847353386,2.1240151100492386,0.3364619749543645
MTL,0.95,13,1e+30,True,1.96173954821878,67.40045642897948,3.372677977323685,0.5039729054751213
MTL,0.95,14,1e+30,True,2.4731564410611857,36.446876978701866,0.9933883809007341,0.4560094310988226
MTL,0.95,15,0.011943504678910307,True,2.230197639452524,17.670955091064993,0.0002691815944893335,0.3302909898688779
MTL,0.95,16,0.00020749164602429615,True,2.7597737739315833,683.9056825351497,0.009006038566279816,0.9295719318179686
MTL,0.95,17,0.0001261838901616104,True,2.8111864003476037,3722.151347888528,0.010084885142959571,1.16076977421281
MTL,0.95,18,0.000505475940029981,True,1.7631633454120998,9.01208816845912,0.0032054251599413037,0.2271684460363481
MTL,0.95,19,0.00024308794176502196,True,2.7336522736587163,344.1207709051559,0.008653710741532731,0.8354508156225046
MTL,0.95,20,0.00043034780617689193,True,2.295654471228382,8.299482959479828,0.006779925235894879,0.2863020933005211
MTL,0.95,21,0.00016689483687466744,True,2.850237226183728,19176.01074390017,0.01126662904300435,1.3872017643474501
MTL,0.95,22,1e+30,True,2.4214325299179427,170.24602003416675,0.6809279725394917,0.6743860327497097
MTL,0.95,23,0.00032459008768034875,True,2.6361018244456713,70.39998313582548,0.0077045670904442,0.6107767258012796
MTL,0.95,24,1e+30,True,2.571368580894995,4.470623176823579,3.394272129675646,0.1617111161234139
MTL,0.95,25,0.0046756147038823125,True,2.596136176866411,61.51694858840306,0.007538786081922716,0.5436508147961295
MTL,0.95,26,0.0005721313268569708,True,1.7485255405753095,11.818841444396467,0.001434382599970448,0.25654263810100286
MTL,0.95,27,0.00012985784014329718,True,2.822214384305554,5193.897319288832,0.010426628759867891,1.207913884969595
MTL,0.95,28,1e+30,True,2.0154249115363494,7.831353784629388,0.49028138832657236,0.19622436803367704
MTL,0.95,29,1e+30,True,1.882038733919343,13.472198041426887,1.5120218650730044,0.26548154876796615
MTL,0.95,30,0.0004180282447015985,True,2.359236811857114,10.943573669221799,0.006584759426726462,0.32914581763609363
MTL,0.95,31,0.00020530731271454589,True,2.761196597017568,713.2555002565275,0.00902742825062306,0.9352990377838345
MTL,0.95,32,1e+30,True,1.8932297075318898,55.67383051329345,0.2571026752525825,0.4716001337044421
MTL,0.95,33,0.0002053417977963013,True,2.7612007147009887,712.7795023427566,0.00902864266765201,0.9352078817030615
MTL,0.95,34,0.0003129067882025756,True,2.6550849999720225,88.35492088868551,0.007859785777489189,0.6438321115291177
MTL,0.95,35,0.0264258286868169,True,2.1288211954507137,6.679696282359575,0.0009722459739621124,0.18157018759494287
MTL,0.95,36,0.0002492688113017321,True,2.7283717916767736,305.24036404988254,0.008588619762791284,0.818868358927686
MTL,0.95,37,1e+30,True,2.5974426816268297,236.4140394287452,1.3459205996636128,0.7386370038338937
MTL,0.95,38,0.0003474513095756867,True,2.6190658330030705,44.99115208570465,0.007759975616718017,0.5552032309061051
MTL,0.95,39,0.011432694273306203,True,1.7877594538768333,8.97400624008129,0.008892944538728095,0.20046970710578674
MTL,0.95,40,0.0003939288499792219,True,2.500536682256622,17.05771413992211,0.007287301757763809,0.4104377424290575
MTL,0.95,41,1e+30,True,2.0968752577206917,5.806555825264841,1.9378688814143976,0.15888800271100215
MTL,0.95,42,0.0001989565015454779,True,2.765319451699534,805.9950624041019,0.009094617282186955,0.9519206896478851
MTL,0.95,43,0.0003187579724278884,True,2.6458424200240587,78.84661383774402,0.007782233458839457,0.6273074127267739
MTL,0.95,44,1e+30,True,2.5572553448599242,560.1542515962224,4.3617733916374455,0.8594973223462172
MTL,0.95,45,0.030026625717634686,True,2.3705835427680975,5.782946135791462,0.0019905853659682267,0.180345979415844
MTL,0.95,46,0.022487495870930362,True,2.276736797055796,9.295379871244341,0.00010139885939038746,0.24109486530503776
MTL,0.95,47,0.009824546800625883,True,2.163757710573413,18.22114051064679,0.000616678182244143,0.32949339528623633
MTL,0.95,48,0.0004968703686993395,True,2.4335869858605683,5.2165726660515,0.008924238537427345,0.26187699654277957
MTL,0.95,49,1e+30,True,2.558989957774524,8.463400704783464,0.6235173951913666,0.2528655077999441
MTL,0.97,0,1e+30,True,2.201950674456253,8.11085488300676,0.41644111383129284,0.21533301715278325
MTL,0.97,1,0.00012598837065067934,True,2.8097161363643206,3602.568355175509,0.006022349143530013,1.155951217103574
MTL,0.97,2,0.01152864145004061,True,2.458616293840312,28.95022909279708,0.0004007788395731954,0.42133781376695306
MTL,0.97,3,1e+30,True,2.374867804058605,56.9932187578339,9.565625281970878,0.5118789788863927
MTL,0.97,4,1e+30,True,2.50782329655007,2698.1878615786914,1.0655337181221145,1.0822753995334276
MTL,0.97,5,1e+30,True,1.8902617081737458,89.65017988614734,4.549944643810059,0.5403527755210092
MTL,0.97,6,0.005522078748947867,True,2.574789656279978,62.22958010710466,0.003241667801139395,0.543184910377258
MTL,0.97,7,0.00019932130543537642,True,2.863650521250944,47707.46987984927,0.007006313828762807,1.511969187182306
MTL,0.97,8,1e+30,True,2.026622196235951,172.46402194151767,0.2767689197372865,0.6445622659988491
MTL,0.97,9,0.00012893441519618248,True,2.8216437582603806,5080.792284855928,0.006246172506074328,1.2049762041402627
MTL,0.97,10,0.0001620279122243723,True,2.7861562317682877,1627.3222368842066,0.005678574341880519,1.0467527154184704
MTL,0.97,11,1e+30,True,2.0439525536629435,161.51975222419378,2.3566949211866324,0.6363281429464014
MTL,0.97,12,0.019199528999133665,True,2.521622699158023,16.21540583973341,0.0001324722193973663,0.3433537175401789
MTL,0.97,13,1e+30,True,2.5045018760750604,1294.88210999117,1.2130015126161142,0.9757009403288123
MTL,0.97,14,1e+30,True,2.20412895530366,12.238289482261331,0.5293829487004643,0.27504489597106857
MTL,0.97,15,0.00035164859515923627,True,2.614940434657132,40.753361743037324,0.004666493437961655,0.5428316430149017
MTL,0.97,16,0.0006137701429811865,True,1.7377421228164949,13.344725552016747,0.0005046459774803293,0.2688798149143305
MTL,0.97,17,1e+30,True,2.519672063015446,6.33759504538237,0.11776745074448235,0.20719271233709732
MTL,0.97,18,1e+30,True,2.31253960240273,6.603508901860594,0.9291137305268498,0.1945864260709439
MTL,0.97,19,0.00024939937448885933,True,2.7275371477830137,300.7476468099475,0.005144215462105068,0.8167903376542707
MTL,0.97,20,1e+30,True,1.9592016151937204,319.69750006566204,1.5090036163233747,0.7291103728611805
MTL,0.97,21,0.017581090722690252,True,2.319151822379522,13.05255965308545,0.0004323664604679003,0.2937643994011726
MTL,0.97,22,1e+30,True,2.257772251278862,23877.41250544715,4.850050877618895,1.3758917841411762
MTL,0.97,23,0.009824997153241966,True,2.0839588938322535,8.621289112371462,0.009818831568092695,0.21513278995612278
MTL,0.97,24,1e+30,True,2.283760937358291,9.996565784178545,9.358482264672215,0.25220039181318155
MTL,0.97,25,0.028654348262489374,True,2.3211562198273645,6.118294663041509,0.0012506005012707566,0.18426674390618863
MTL,0.97,26,1e+30,True,2.2498236928514013,9.684389954615897,6.380627044557455,0.24482887706751102
MTL,0.97,27,1e+30,True,2.2659619733354823,64.79732125288845,0.1458741457559068,0.5212516448197224
MTL,0.97,28,0.00017230736645153425,True,2.7805571212338136,1331.402886394289,0.005613769836051078,1.019787130075802
MTL,0.97,29,0.00023594067930547967,True,2.738793781824018,390.31196317332416,0.005229092641227027,0.8527909908337427
MTL,0.97,30,0.0001785761596208954,True,2.8555353571080158,26980.85899173047,0.006853997938923727,1.4339990178986706
MTL,0.97,31,0.037150184129922485,True,2.5710851556211423,4.222562285666806,0.000247203131094745,0.15342069234861969
MTL,0.97,32,0.0002897724026715915,True,2.6857623017485204,137.12153002886916,0.004878361160211136,0.7067440554408094
MTL,0.97,33,0.009477790532710355,True,2.079487429382312,7.749335079929057,0.01187822598858251,0.19936839358814035
MTL,0.97,34,0.00031061291980848734,True,2.6574851498416754,91.36690669226904,0.00472498552693229,0.6486332612284338
MTL,0.97,35,0.00014420576835989953,True,2.79493656405394,2314.230676894476,0.005784828358577274,1.093503255722377
MTL,0.97,36,0.00018133148238450323,True,2.8567179559748546,29139.452436688676,0.006875932170423648,1.4445458939243225
MTL,0.97,37,0.03291844352253786,True,2.386179111737574,5.198520255060386,0.00029586575608928436,0.16628925060814329
MTL,0.97,38,1e+30,True,2.288846268839516,323.3649933520303,3.3845844187552947,0.7558035882692797
MTL,0.97,39,0.03033795395259363,True,2.3435830168171052,6.016347438033136,0.00011472836041360645,0.18374230465096564
MTL,0.97,40,0.02374796860618364,True,1.7506679261659566,6.878907537815476,0.00048110330284070887,0.15961783092491078
MTL,0.97,41,0.019012158859445554,True,1.9570429547012307,8.819735292180031,0.0007742245031839074,0.20930053623721198
MTL,0.97,42,0.014129126422065126,True,2.0916636724286266,9.53583282798522,0.0047784948795069684,0.2302983957951703
MTL,0.97,43,0.00032845346877882715,True,2.6284952172997897,64.62251772922163,0.004591678162306808,0.5982570206463458
MTL,0.97,44,0.00014974535613620292,True,2.7913866350346357,2072.4747888455545,0.005734446283362345,1.0781632883316217
MTL,0.97,45,0.015429186252659703,True,2.2093477092827056,10.840448124008576,0.003120737317355435,0.2579038809848492
MTL,0.97,46,0.00036851079936803965,True,2.5771475053522432,28.647644585679526,0.004550089635462853,0.4905875430011768
MTL,0.97,47,1e+30,True,1.907878915724929,102.03325151382317,4.842038631433733,0.5602736378744015
MTL,0.97,48,1e+30,True,2.398826508620385,9.431555236339198,2.460487063409564,0.2536220273826521
MTL,0.97,49,0.0003594184330204704,True,2.5987759129808308,34.64749097234576,0.004614641707743585,0.5190145723902215
MTL,0.99,0,1e+30,True,1.763725174580566,13.72586422672608,0.04882775054303277,0.2604350126886469
MTL,0.99,1,0.019187660820208126,True,2.053890480618323,7.27901450065309,0.0016247004625237216,0.18842302191164595
MTL,0.99,2,1e+30,True,1.9486832084431167,15816.705149718287,0.9040581530007006,1.2930600062636084
MTL,0.99,3,0.0009549310266709886,True,1.8032583548634729,28.589747911183338,1e-10,0.3555380516160453
MTL,0.99,4,1e+30,True,2.1946419500836,24.376154841437657,0.3259696043280083,0.3740250553051096
MTL,0.99,5,1e+30,True,2.165874519144444,225.81308549153482,0.18131920208069996,0.6939770475587144
MTL,0.99,6,1e+30,True,1.7406536295650636,98.85798867620028,1.3880643570071853,0.5447395575385388
MTL,0.99,7,0.0006847935057417139,True,1.7894993203624567,18.015540225756315,1e-10,0.30683787840481563
MTL,0.99,8,1e+30,True,2.512654038343985,213.9487499006632,4.249053701926489,0.715885374784074
MTL,0.99,9,1e+30,True,2.570361347882743,211.33907298240243,1.1420542590573128,0.7197059533480319
MTL,0.99,10,0.030411189205326428,True,2.5406224808933366,5.704661900648941,0.0007187748284041491,0.19398053186284375
MTL,0.99,11,1e+30,True,1.942709981670292,45.880439782421995,8.157461447451695,0.4469823604143427
MTL,0.99,12,0.014603843266247614,True,2.089030203893542,6.536942966272075,0.0036360275682901424,0.1754516984403029
MTL,0.99,13,1e+30,True,2.6032041676325557,142.15097930737116,0.342467250684816,0.6655919491984578
MTL,0.99,14,1e+30,True,1.8042942663921349,8.553634011055133,0.06304161205049139,0.19459518763115047
MTL,0.99,15,0.0010183711761045469,True,1.9172691977959215,39.0695256330229,1e-10,0.40163583984719625
MTL,0.99,16,0.00013506185018276925,True,2.8296232329651927,7452.138046096293,0.0021256000906299567,1.2567770004211192
MTL,0.99,17,1e+30,True,2.5442715571021988,575.9560104740262,0.29794380632741224,0.8622567867729761
MTL,0.99,18,0.0027857761836690433,True,2.165944187215727,931.3007515013592,1e-10,0.7653065304720721
MTL,0.99,19,0.014747918471639112,True,2.0734186709721927,12.061071652432263,0.00015032383191900442,0.2629476175567479
MTL,0.99,20,0.00026004980437762586,True,2.7139160617836433,230.3981572649931,0.0016789015609582714,0.7795336890758721
MTL,0.99,21,1e+30,True,1.7928158627863482,73.03381816263443,0.2480278011268433,0.504248923541387
MTL,0.99,22,0.0011588796065009994,True,2.4368082247088316,634.9858778501127,1e-10,0.8034759631031954
MTL,0.99,23,1e+30,True,2.0412134713749985,18152.861687102777,0.8027740309936603,1.3195682045360195
MTL,0.99,24,1e+30,True,2.0590343849668096,34.76357983668165,0.07342111171453353,0.4151057620530907
MTL,0.99,25,1e+30,True,2.301856307910528,7.761284017456106,2.120194472050816,0.21707266767878686
MTL,0.99,26,1e+30,True,2.2281038913340314,56.65421759805786,0.03455586211682659,0.49874742920815435
MTL,0.99,27,0.022346978394206404,True,2.2485075065981555,7.244120365278911,0.0012181883130531162,0.20270151493773905
MTL,0.99,28,0.0024076647319866457,True,1.9463797755305792,215.54321618810644,1e-10,0.5796369958583988
MTL,0.99,29,0.0006387923735220002,True,2.0301192828345367,24.529569916552422,0.00018612948395620337,0.3679922496459341
MTL,0.99,30,0.012378880551273124,True,2.0125021558361906,11.973212525299369,0.0005794752886533091,0.25746085317386624
MTL,0.99,31,1e+30,True,2.5621517868436787,132.8267969855242,0.07699389941105478,0.6516782173194064
MTL,0.99,32,1e+30,True,1.8608296736761634,300.89724541874335,1.316759133700118,0.7136338264293738
MTL,0.99,33,1e+30,True,2.0780254865474377,27.196261287115473,0.0691103369745185,0.380972797279757
MTL,0.99,34,0.0006793367513350806,True,1.9266607954787571,22.62765686285669,1e-10,0.34718780865509835
MTL,0.99,35,1e+30,True,1.8854893822035814,50.11079763081287,3.0320604934572386,0.45584082038961005
MTL,0.99,36,0.0009999588303531517,True,2.458984434790789,102.95700012116406,1e-10,0.619907048015006
MTL,0.99,37,1e+30,True,2.402442665007222,20290.963348821286,0.07515455632460061,1.3646311162995581
MTL,0.99,38,0.02631867884165606,True,2.506744169451419,8.385627956403606,0.00020411125243120616,0.2464914347915069
MTL,0.99,39,1e+30,True,2.4045105339414796,6.163178728651234,1.3367625893980568,0.19254524253395447
MTL,0.99,40,0.00042330265112022476,True,2.3606729834470332,9.166441212018459,0.0014200413524072825,0.30935771275398444
MTL,0.99,41,1e+30,True,1.935867656479406,60.63240340121678,0.7491666322121028,0.48686074331137563
MTL,0.99,42,1e+30,True,1.9541469982657262,10.026056653574352,0.044914445714377596,0.2276534312573163
MTL,0.99,43,1e+30,True,1.7834796051135031,44.7475042689939,0.46682761159784114,0.43274274920183214
MTL,0.99,44,1e+30,True,2.101203647842681,14.645009939355328,0.13786305651000486,0.29310919919566597
MTL,0.99,45,1e+30,True,2.4475537016884577,111.37676742536858,2.6415041562872923,0.615334308885173
MTL,0.99,46,1e+30,True,1.7861479880433642,654.7962361794874,0.32669492093693264,0.8212840897518563
MTL,0.99,47,1e+30,True,2.0218990327257145,1896.8868327909033,0.19591826585002867,0.9912683694661658
MTL,0.99,48,1e+30,True,2.0273176936740755,316.5426049954751,0.3532817024127289,0.7325064067731137
MTL,0.99,49,0.02120830725212629,True,2.038394524749725,8.20064542162982,0.00029091286832776185,0.20454986009146842
MTL,0.993,0,0.001740562413236673,True,2.1362637389955497,219.05378944850906,1e-10,0.6120756213349863
MTL,0.993,1,0.0001973139907724275,True,2.8622136720669187,48142.04853378985,0.0016258189547206127,1.5128635304355413
MTL,0.993,2,1e+30,True,2.5658148493871504,17.191954618491167,0.04706654558900703,0.35611008950443157
MTL,0.993,3,1e+30,True,2.415685258332633,5.017108936327262,0.5295058815393574,0.1637633219751481
MTL,0.993,4,1e+30,True,1.801823623899542,47.10928753177335,1.723057614321253,0.441371769935815
MTL,0.993,5,1e+30,True,2.6054086651418844,11.283985760779046,0.612808617341984,0.29912458369947187
MTL,0.993,6,0.0004142162530186948,True,2.3382195355593876,11.473816382413974,0.0008850002940886971,0.33021443186524513
MTL,0.993,7,1e+30,True,1.8648429313678854,52.11308051236432,0.10128790325059525,0.46012730138729413
MTL,0.993,8,1e+30,True,2.050033914243463,46.729894808295505,0.19925089307071348,0.4572627026986041
MTL,0.993,9,0.00015934850310087015,True,2.8464307755767737,16923.19692935803,0.001558472950677703,1.3696776359517535
MTL,0.993,10,0.0007094067699824197,True,1.9237330113832705,24.272227314184168,7.035901940019892e-05,0.3528174411708221
MTL,0.993,11,1e+30,True,2.5638787076527927,24.92305254008448,4.617419608534625,0.40966746828393724
MTL,0.993,12,1e+30,True,2.608780598586997,14.746800927738713,0.5746609618804381,0.33820410810947105
MTL,0.993,13,1e+30,True,2.1698875071134283,7.368584552744624,0.1634635236298626,0.1989304168095607
MTL,0.993,14,1e+30,True,2.436590217545237,468.11050096299965,0.03563739598925272,0.8221480347657538
MTL,0.993,15,1e+30,True,2.5552145205780272,28.835317643363425,0.9210598297565848,0.4299206716168261
MTL,0.993,16,0.00026720640496321696,True,2.704227406475738,193.25977581231507,0.00115887898403339,0.7548317455268704
MTL,0.993,17,0.0013356209878692838,True,1.764873362653706,16.383259857599317,0.0004932132750259176,0.2861234150681446
MTL,0.993,18,0.0005125324540602093,True,2.378111249759762,54.22618318457524,0.00043745225264334343,0.5129657538586306
MTL,0.993,19,1e+30,True,2.6103680396485665,7623.6328055557215,7.17669079898198,1.2426761307762582
MTL,0.993,20,0.00019727251809390715,True,2.862198030757082,48089.030383116406,0.0016257445905054704,1.512712503840077
MTL,0.993,21,0.0009138174231489242,True,2.457631746525983,377.6086179163218,0.000114755987471014,0.7530213963475639
MTL,0.993,22,0.00020910806695553715,True,2.866059147203007,65702.68853387651,0.00164298894211186,1.5552897570736701
MTL,0.993,23,0.004403217960978463,True,1.8264321793407943,839.094299002197,1e-10,0.7026139858161145
MTL,0.993,24,1e+30,True,2.2845247942625795,1664.2976344360698,0.2638499118801046,0.9925784593565103
MTL,0.993,25,1e+30,True,2.282418114214427,50163.94211574106,4.984860219841933,1.4853611670759277
MTL,0.993,26,1e+30,True,2.446041006061022,5.019214881070831,5.077644541317354,0.16656473393201118
MTL,0.993,27,1e+30,True,2.5768196083354358,8.265090490261084,0.5551182243310518,0.251193939292654
MTL,0.993,28,0.000995319009169784,True,2.0380247326244514,51.57944363725,1e-10,0.44761868081194306
MTL,0.993,29,0.0006799510572460724,True,1.8547115156659904,19.734799777836127,1.6563541021357757e-05,0.3236492189247178
MTL,0.993,30,1e+30,True,2.077891308483893,774.0205388524938,6.874580187550553,0.8656155930029344
MTL,0.993,31,1e+30,True,2.5962311147612387,115.04499036889793,0.6908620146007285,0.6342669134110074
MTL,0.993,32,1e+30,True,2.499619726538932,3561.4392701444017,0.02972681407546733,1.1216760722506396
MTL,0.993,33,0.026952678607825367,True,1.9862343328331007,6.225013335679596,0.0001747312516250951,0.16092067164191787
MTL,0.993,34,0.00032220953709360804,True,2.629955489998736,66.85351644655834,0.001067118434655352,0.6029340981306658
MTL,0.993,35,0.0018765185542490065,True,2.0789064282589598,200.58569510874696,1e-10,0.5927708271826121
MTL,0.993,36,0.00012290373294971044,True,2.818196506903273,4568.482994276767,0.0014427159901775934,1.190538551455137
MTL,0.993,37,1e+30,True,2.1507929980788587,150.47452335850735,0.7614904329905012,0.6340627577599448
MTL,0.993,38,1e+30,True,2.36279362483884,14.275234913736481,0.8687606305539154,0.31045548149355773
MTL,0.993,39,1e+30,True,1.9082251337564011,13.634357167538498,1.6174054954127763,0.2689853121020506
MTL,0.993,40,1e+30,True,2.1854268119925426,25911.769662398077,0.12856012576264478,1.3819479179106817
MTL,0.993,41,1e+30,True,2.5755903771066206,7.873574872993788,0.7396171071003436,0.2440480572853766
MTL,0.993,42,0.00016117350157485898,True,2.782402746804177,1485.5679364274652,0.0013115732134726654,1.0341944305174862
MTL,0.993,43,0.03264219234957207,True,2.3000503301341695,5.117454153961181,0.00010901903132211143,0.15664045708051866
MTL,0.993,44,1e+30,True,1.972469490502259,107.87412379494889,0.09019994190722003,0.5727957428464278
MTL,0.993,45,0.01862845515943838,True,2.5948671104548207,19.527492595001938,0.00010143118662788492,0.37743959369724733
MTL,0.993,46,0.0004529033106281266,True,2.001126239385203,8.400792646299312,0.0006468783960552865,0.2453186729458597
MTL,0.993,47,0.0004969118142367151,True,1.8750152001802556,10.053044701372343,0.0004678541933150894,0.25052352955703255
MTL,0.993,48,1e+30,True,2.5058427395035694,13.757099166540037,0.1786501605787554,0.31805574266154385
MTL,0.993,49,1e+30,True,1.9176732500105726,699.5000166896059,0.01767399413390056,0.839569290779077
MTL,0.995,0,1e+30,True,2.586574628754548,5.2632273680912185,6.943023830804764,0.18684709872321897
MTL,0.995,1,1e+30,True,1.8553903922488908,2321.042938550665,1.4480305549554615,1.0089690214329499
MTL,0.995,2,0.009432133653863235,True,2.2872963011314678,5.668771725423022,0.0031115679483628093,0.17038852272419755
MTL,0.995,3,0.0004944119059347736,True,2.5418153446942693,6.647402983626603,0.0009403173536189996,0.3160586202479314
MTL,0.995,4,0.018864836790117512,True,2.5424063202150853,15.473007395465283,0.00020328561985481487,0.3385734759702423
MTL,0.995,5,1e+30,True,1.775000741854413,30.697348392508573,0.014196746634149804,0.37765319213534015
MTL,0.995,6,0.0024155832815883935,True,1.8478576628647079,156.67364348641843,1e-10,0.5342028337174225
MTL,0.995,7,0.0033283289111618883,True,2.3047470929116214,5118.983068099642,1e-10,0.9714556179403814
MTL,0.995,8,1e+30,True,2.403201510688996,10.563850212555801,0.1166098085655827,0.2704195496374124
MTL,0.995,9,0.00040873111208997875,True,2.364769047372605,12.030191204037465,0.0006439560743527994,0.34077426022769264
MTL,0.995,10,0.005607060243532474,True,1.9356633107564916,3583.406790994044,1e-10,0.8645990395609539
MTL,0.995,11,0.0005127133536870665,True,2.1245428347705326,18.187381381968304,0.00027021048646296963,0.3477508254641611
MTL,0.995,12,0.004506354792495964,True,2.1561307733144948,5219.355606393774,1e-10,0.9389445758294316
MTL,0.995,13,1e+30,True,2.345426915963494,19.680414307067952,0.12358869933302577,0.35543374056763544
MTL,0.995,14,1e+30,True,1.7415090451176127,1102.529394859517,7.830813344986612,0.8938512424289038
MTL,0.995,15,1e+30,True,2.511956611895058,6.979077310524825,0.5094002839359842,0.2204122695422857
MTL,0.995,16,1e+30,True,2.444715144598688,25.168981063818,0.02021464173886024,0.39980812610520955
MTL,0.995,17,1e+30,True,2.1076202581085544,141.7752407187916,0.5312870568645822,0.6221629766531103
MTL,0.995,18,1e+30,True,2.482718352782343,5.139363061302953,0.16968654990928386,0.1733707448606207
MTL,0.995,19,1e+30,True,2.1167532498307695,17.27059377579133,0.07605223461421047,0.3181461752229194
MTL,0.995,20,0.00865561516522712,True,2.035433561947468,7.829591340477629,0.0020090593044334677,0.19763360381620998
MTL,0.995,21,0.0034868331908077675,True,2.5110393962233157,66.45237434160497,0.0004601287140663427,0.5464986137407823
MTL,0.995,22,0.0032432328674571746,True,2.2478265945961557,2810.20429171898,1e-10,0.895720640162453
MTL,0.995,23,1e+30,True,2.3705165012575136,6.1086735394437355,3.5279972982832772,0.18827118065505144
MTL,0.995,24,1e+30,True,2.132119522312725,114.2350615162859,1.187085770678766,0.5927546309103987
MTL,0.995,25,1e+30,True,1.8646606314070615,2674.1038374069476,0.024948795776405373,1.0300805468942278
MTL,0.995,26,0.0012614461171440382,True,1.8839279511552094,49.716035907196115,1e-10,0.421805919191736
MTL,0.995,27,0.0006294968909519753,True,1.7854713966409572,14.959819264266264,7.098433265574689e-05,0.2860208539934147
MTL,0.995,28,1e+30,True,2.5560527370802926,20.89315527210054,1.0969347813933368,0.38337164253426625
MTL,0.995,29,1e+30,True,2.259335403640293,64.5985408650387,2.138110217898173,0.5202655003915363
MTL,0.995,30,1e+30,True,2.278947345696434,6.672121627681282,0.02726250846970403,0.19328539746676413
MTL,0.995,31,1e+30,True,2.5155689854333314,9.416796126086311,0.9500510370812129,0.26411607132694115
MTL,0.995,32,0.0011392556996604483,True,2.4901780529075928,1070.5110168541285,1e-10,0.8823915236525487
MTL,0.995,33,1e+30,True,1.8969546636281225,247.96346155774776,0.09401562952086591,0.6880553274100434
MTL,0.995,34,1e+30,True,2.272687211801136,725.0009960662189,3.8221498218930554,0.8713285477413694
MTL,0.995,35,1e+30,True,1.9791225453507741,616.3217525100575,7.684236326079801,0.8255108688597792
MTL,0.995,36,0.0002632177428993137,True,2.704991036839024,198.76204898449132,0.0008267338787997071,0.7586155471546479
MTL,0.995,37,0.004303303330340843,True,1.8410713780900454,819.0208707357081,1e-10,0.7019202756749044
MTL,0.995,38,0.00126777903514968,True,2.3634288543701327,419.65983466455424,1e-10,0.7341117217706346
MTL,0.995,39,1e+30,True,1.9817534024903043,76.70057642751974,3.879397978823709,0.5240858123341496
MTL,0.995,40,1e+30,True,2.25533469525852,44.287205172593964,0.7576885728666193,0.46530215362187677
MTL,0.995,41,0.00040782596841364653,True,2.4030169146045774,11.323191650820604,0.0006939024693575565,0.34195358329562553
MTL,0.995,42,1e+30,True,2.091972857204543,27862.616609711094,0.13533361947821956,1.3853160432134868
MTL,0.995,43,1e+30,True,2.092543663957707,25.68148864267152,0.06555220828732082,0.3737563880400931
MTL,0.995,44,1e+30,True,2.3498772664154712,27.90535354161126,0.023297529566281096,0.40635689017507476
MTL,0.995,45,0.00048697605867098,True,2.4690495907231944,96.76232159063383,0.00037588050919667326,0.5981085407947598
MTL,0.995,46,0.0004106361516614542,True,2.404746010577431,10.822484054427454,0.0007095736515951446,0.3370912372792435
MTL,0.995,47,0.0003173681654381799,True,2.633486716813384,70.1863744432577,0.0007629978332941062,0.6098921338220943
MTL,0.995,48,1e+30,True,1.9057793209491916,22.698987619397915,0.17196221196408779,0.3425950226664071
MTL,0.995,49,1e+30,True,1.977750724145014,9.13879542209016,0.2782687140143436,0.21589428453784423
MTL,0.997,0,0.0028664857300311256,True,1.8652720185707274,255.20679915950558,1e-10,0.5860768061580593
MTL,0.997,1,1e+30,True,2.175725269264804,280.60402429169613,0.011678270048978472,0.7261843632177396
MTL,0.997,2,0.0024126471977612115,True,2.405239802423636,4494.25051441919,1e-10,0.9905298731518435
MTL,0.997,3,0.0026988918468846784,True,2.1735416044960245,883.4843740903872,1e-10,0.7614745614830107
MTL,0.997,4,0.012161369879741937,True,1.9856826796513967,8.935065950324379,0.0006509474497676356,0.213190587712072
MTL,0.997,5,1e+30,True,2.563929886700199,15.461143134175238,0.48742729049074435,0.3405661806832437
MTL,0.997,6,1e+30,True,1.9817171769034707,397.0460056834016,0.7942181113180257,0.7620506621792513
MTL,0.997,7,0.004596771445541797,True,1.8080725628123642,533.417227314264,0.0002268867198116649,0.6469252399415827
MTL,0.997,8,1e+30,True,2.186858401278992,26.660549222041944,1.8616649261246916,0.38637929808792093
MTL,0.997,9,1e+30,True,2.1090723709845056,399.711724227672,0.036124521213167164,0.7722915336408198
MTL,0.997,10,1e+30,True,2.599142600321415,37.25015424178284,3.3841258492316495,0.4713457582933041
MTL,0.997,11,1e+30,True,2.346657911028379,81.67114510760794,8.590617308317828,0.5615103734153939
MTL,0.997,12,0.001471004512873033,True,2.533154396614136,4873.126214207473,1e-10,1.0637891309273115
MTL,0.997,13,0.0019911511401852103,True,2.280024795134155,735.8435055865315,1e-10,0.7672056211169074
MTL,0.997,14,1e+30,True,2.410318684478025,23.77267449540827,2.765668964055146,0.3884481713975659
MTL,0.997,15,1e+30,True,2.5082654276457697,28.932158430349826,0.03395565429237287,0.4258822727312871
MTL,0.997,16,0.003636259448102794,True,1.796995168774138,401.7935692130179,1e-10,0.6241031054553955
MTL,0.997,17,0.0010707740156846867,True,2.05408709475685,60.91746972262151,1e-10,0.4671735604808341
MTL,0.997,18,0.006110571313604452,True,2.1643092187848305,23762.403813477347,1e-10,1.0950349855715453
MTL,0.997,19,1e+30,True,2.00942039394848,85.5131031972594,0.030063836447098743,0.5417919003071511
MTL,0.997,20,1e+30,True,2.2194982813703215,275.2034890766794,0.06926685615812124,0.7268217345220407
MTL,0.997,21,1e+30,True,2.581075190287126,11.149996435099723,6.3452687239126915,0.2949511191893831
MTL,0.997,22,0.0003356605210224778,True,2.6176585203580673,44.23384590141418,0.0004607938476089921,0.5537821008723998
MTL,0.997,23,1e+30,True,2.6106048110202855,644.6294467336944,0.1036506290775615,0.8851530393770831
MTL,0.997,24,0.0006740017471699314,True,1.849223942081992,19.16671011392469,1.3660842461012789e-05,0.31976410121673726
MTL,0.997,25,0.0018405423368423304,True,1.964484649234668,124.25022002301819,1e-10,0.5260825455987233
MTL,0.997,26,1e+30,True,2.1335207898469077,27135.914913343793,0.015297319159350736,1.3846210678167175
MTL,0.997,27,1e+30,True,1.9284490648533659,52035.12201858907,0.026919867156719155,1.4640221083926255
MTL,0.997,28,0.0027257019114106306,True,2.0479217834087566,458.88439347312436,1e-10,0.6719232134959643
MTL,0.997,29,1e+30,True,1.969629042902164,6.4008211140461135,0.017598216573510544,0.1637827596180869
MTL,0.997,30,0.0005270696662006341,True,2.1369692975508143,20.3665861399402,0.0001425050926750232,0.36244850804011386
MTL,0.997,31,0.0004636681395831583,True,2.4984880541941217,7.308866467867336,0.000519709460898315,0.3159307080311419
MTL,0.997,32,0.0004642832666466936,True,2.1602483094448512,15.630018952521352,0.0002350526896692501,0.33481132090774923
MTL,0.997,33,0.00028024852759018587,True,2.6776734167922775,128.64023326231822,0.0004775073308582516,0.6968659605987132
MTL,0.997,34,1e+30,True,1.8489892453743084,87.0578165812738,0.19311952046289987,0.5333457670168501
MTL,0.997,35,1e+30,True,2.475021321142364,9.642772182275246,4.5511218962836795,0.2637340615438939
MTL,0.997,36,1e+30,True,2.040733793374477,10.108617798286764,0.016449036932583896,0.23499493041583927
MTL,0.997,37,1e+30,True,1.98419397208291,179.90909262738666,0.016306760522995727,0.647652002075975
MTL,0.997,38,0.002712960119189787,True,2.4936310443115417,26239.493758542267,1e-10,1.2108031360821936
MTL,0.997,39,1e+30,True,2.073199984244838,21.824208890946135,2.5318163943207646,0.34876551394464333
MTL,0.997,40,1e+30,True,2.139802500674685,5.505901179013827,8.658216094768628,0.15443622754834976
MTL,0.997,41,0.0002662865231941168,True,2.6939270642348863,167.90846350356264,0.0004868073509026951,0.7345629599988135
MTL,0.997,42,1e+30,True,1.9805372337510823,116.77508119012114,0.01992882156043646,0.5848386538752675
MTL,0.997,43,0.0005914402710281093,True,1.9162902379633824,16.129417031821127,8.273740652968958e-05,0.30809999540935346
MTL,0.997,44,1e+30,True,1.7522973632890302,10.920752880508845,0.01442448113968252,0.22661907215514238
MTL,0.997,45,1e+30,True,2.5347319613094093,8.209815357290232,0.02802955235494281,0.24610158612295446
MTL,0.997,46,0.00048538329825821927,True,2.334184804110194,4.679319146961182,0.0005047278114125863,0.2301249104079142
MTL,0.997,47,1e+30,True,1.8263611296002389,80.2531562510839,1.219677506946169,0.5200750125319572
MTL,0.997,48,1e+30,True,1.8990316907237896,5747.3605861347105,0.08371802910040646,1.1431337755902569
MTL,0.997,49,1e+30,True,2.44649769199713,66.34977776031666,4.0559635756043,0.5402676543759615
MTL,0.999,0,1e+30,True,2.2409029709825505,15.873293236071696,0.22216772415171446,0.3156245836088798
MTL,0.999,1,1e+30,True,2.231012460721153,17.93501402860136,0.47962264934344034,0.3325031965760095
MTL,0.999,2,1e+30,True,2.2202111439524446,5642.197153616283,0.20334302404132987,1.1640576549479664
MTL,0.999,3,0.001271010474343244,True,2.6194769698923555,11159.734833487488,4.39907216280725e-05,1.1900806319436381
MTL,0.999,4,0.002491983570108821,True,1.987463478020293,275.44141711181345,1e-10,0.6105376104621749
MTL,0.999,5,1e+30,True,2.483109074379299,10.342624931191043,0.10825956997340351,0.2746278477182906
MTL,0.999,6,1e+30,True,2.5999387023263614,42.08027394060306,0.11704547049107095,0.48907278447695823
MTL,0.999,7,1e+30,True,2.3083370378200794,12.734164941534313,7.03486803406122,0.28928011455476893
MTL,0.999,8,0.000356664425078558,True,2.479156770228864,19.372290459789742,0.0001332926311701475,0.42055649153033114
MTL,0.999,9,1e+30,True,2.0859939682738022,230.01240847031488,0.016957130125169844,0.6905837322815088
MTL,0.999,10,1e+30,True,2.1695642988268875,5.917658283806849,2.2251340782245093,0.16716681837160902
MTL,0.999,11,1e+30,True,1.7490644173356622,30.94620183264539,1.3603349928657662,0.3771695044594879
MTL,0.999,12,1e+30,True,2.214898768438834,5.927807707437608,0.02922521159540136,0.17097762938734254
MTL,0.999,13,1e+30,True,2.016199735236267,41679.43116410083,1.4631115231222498,1.4380647455172388
MTL,0.999,14,0.01881158947054284,True,2.1683579499330126,7.418241200243464,0.0001937215427820382,0.1997838084550719
MTL,0.999,15,0.02385881389996211,True,2.465629381476595,6.326827013577204,0.00020699119168979903,0.20187137830058233
MTL,0.999,16,1e+30,True,1.8192510936581228,1106.114576910163,0.18300149076217137,0.899314493962465
MTL,0.999,17,1e+30,True,2.295615234741611,394.5333260634393,8.948221161737777,0.785157318531915
MTL,0.999,18,1e+30,True,1.84904307983098,45.921155737038546,0.0059606511557613205,0.4407691668332282
MTL,0.999,19,0.01825544756889888,True,2.3231011917618662,9.965230613374782,0.00011228266032606484,0.2550363302930708
MTL,0.999,20,1e+30,True,2.328760127245815,11.25410285083614,0.024059161800543922,0.2731202368187634
MTL,0.999,21,0.0023525553719437316,True,2.395640693002058,3668.4380341400056,1e-10,0.9662725342755101
MTL,0.999,22,1e+30,True,2.560349080324786,70.02835541133999,8.61128805681423,0.558848633111098
MTL,0.999,23,1e+30,True,1.77273521482304,2151.85417154133,0.19201490564990312,0.9926248169387893
MTL,0.999,24,1e+30,True,1.9497763045336225,6.914491788901402,2.281386402458001,0.1735701798356994
MTL,0.999,25,1e+30,True,1.8695558972853359,7.413824741626911,8.903273574465338,0.1781959816253965
MTL,0.999,26,1e+30,True,2.5742970169486004,14.619226615233467,1.0474797645202023,0.33348634138314964
MTL,0.999,27,1e+30,True,2.496634297565328,23.73629107483406,0.004715047705407778,0.39613272555487067
MTL,0.999,28,1e+30,True,1.9130803662965976,24.247645029658607,0.007147884647822333,0.35264488958551515
MTL,0.999,29,1e+30,True,2.36407192686323,947.139216111901,2.8972309336733755,0.9177240250928751
MTL,0.999,30,1e+30,True,1.8209972274683321,1108.3798291991259,0.3140718269827687,0.8997247579857106
MTL,0.999,31,1e+30,True,2.2726115743542685,7329.728592288997,0.0034681245927699013,1.2061731014358692
MTL,0.999,32,1e+30,True,2.6014480114954583,4.463996537547628,0.3080975228419558,0.16450396576583626
MTL,0.999,33,1e+30,True,2.493340845761601,13.439157307423027,0.3747875060091563,0.3134921996699147
MTL,0.999,34,1e+30,True,2.5059511777524444,570.5299567584404,1.3504801457821043,0.8572108204645318
MTL,0.999,35,0.01563324707328125,True,2.412009003756232,7.727482332035889,0.0003361898507081799,0.22595081111514803
MTL,0.999,36,1e+30,True,1.9953754712871037,6.400932317895343,0.053466664353515984,0.16560173570494588
MTL,0.999,37,1e+30,True,2.0926516465715506,9.460344289331168,0.039575176962045405,0.22922169772756798
MTL,0.999,38,1e+30,True,2.2166761688439958,26.905134814708493,0.00645358413318893,0.3900565393680979
MTL,0.999,39,1e+30,True,2.2559827870799234,16.16624037066279,0.012332448551815946,0.3194937549345069
MTL,0.999,40,1e+30,True,1.789273692505765,31.301283618237306,4.211481252364978,0.3813904450015463
MTL,0.999,41,1e+30,True,1.9934012289243221,505.373048003251,0.12972484150701488,0.7977939252279124
MTL,0.999,42,1e+30,True,1.8933185473647451,4063.512844516911,1.653829128587944,1.0925678866607489
MTL,0.999,43,0.00044693016903387463,True,1.8009374350434897,7.285637716389163,8.442199524280246e-05,0.20773914074232205
MTL,0.999,44,0.004565794577557649,True,1.8843444831676608,1213.2956328683324,1e-10,0.7473883880906473
MTL,0.999,45,1e+30,True,1.7830672394946732,81.55278054203099,0.011466063092321063,0.5195891815192689
MTL,0.999,46,0.0019184605451309713,True,2.3397233476717187,1073.5385340380956,1e-10,0.8224373694175143
MTL,0.999,47,0.01690864196866814,True,2.056660503007911,7.685282581460461,0.0001988216619353876,0.1964865146120732
MTL,0.999,48,0.0005534729151201166,True,1.780678292807719,11.962986941049797,3.5307728729942e-05,0.26069002882339715
MTL,0.999,49,1e+30,True,2.5409247246107047,27.803860454202976,1.0950924016893608,0.4232566044856508
MTL,0.9993,0,1e+30,True,2.5888853439714445,4.5361022320221345,0.4997437522142514,0.16555946301586558
MTL,0.9993,1,1e+30,True,1.7581800513286283,6.700540613933608,0.05011279065812673,0.1562923294764689
MTL,0.9993,2,1e+30,True,2.5515616973619064,12768.004730957704,0.17571369099748066,1.311456762700197
MTL,0.9993,3,1e+30,True,2.1319108326741794,557.3593180584074,0.004507024162126374,0.8221390490824335
MTL,0.9993,4,0.00254439946235621,True,2.2293199408126445,1065.474178516661,1e-10,0.7925851953178501
MTL,0.9993,5,0.005540886050078595,True,2.2576567895276396,32609.18945080079,1e-10,1.1477995118983766
MTL,0.9993,6,1e+30,True,2.221947986889218,11.078101930396937,0.00483461261177204,0.26204558628322744
MTL,0.9993,7,1e+30,True,1.9970232654542794,9.407701085916415,0.08995023044092511,0.2214545997399448
MTL,0.9993,8,1e+30,True,2.0448783097091745,24327.20173302333,0.5137584490086549,1.3622086688316046
MTL,0.9993,9,1e+30,True,1.9528924255452351,344.2322796592213,0.5247214156820799,0.739372938492412
MTL,0.9993,10,1e+30,True,2.3663943244772927,5.95843432932686,1.8061026980455994,0.18430875226061988
MTL,0.9993,11,1e+30,True,2.0219399524874286,10.486268462154662,0.11455797011924182,0.2389453538004272
MTL,0.9993,12,1e+30,True,1.9225200245830858,2305.0630127386144,0.3821887803339798,1.0124989874472246
MTL,0.9993,13,1e+30,True,2.3287177776142243,1351.8603070875693,0.2703875047769555,0.9661877164873532
MTL,0.9993,14,1e+30,True,1.8211260471390442,17.6935336058298,0.4499684310632235,0.3008925976003533
MTL,0.9993,15,1e+30,True,2.285745835585779,615.1706707071985,0.05977968516296337,0.8486293009117055
MTL,0.9993,16,1e+30,True,2.5187941748252576,359.7538860632331,0.003421662940902384,0.79168786964678
MTL,0.9993,17,1e+30,True,1.7705337123241771,7.12806676028335,0.012249661955126116,0.16603234210670864
MTL,0.9993,18,0.011785017758093748,True,2.4120648784816465,9.567045808209535,0.00024745373028099655,0.2568630139990319
MTL,0.9993,19,1e+30,True,1.8462665515857164,10.784352509671518,0.02202518806476726,0.23088690321277994
MTL,0.9993,20,0.01663454415441323,True,2.5903129605001127,7.996653863033983,0.0002541492760677081,0.24776157968623383
MTL,0.9993,21,1e+30,True,2.1137833289494536,14.448868899278803,0.004016553737148575,0.2921027358756396
MTL,0.9993,22,1e+30,True,1.7753249025377758,47079.22128575267,4.726903281373348,1.4393752422374364
MTL,0.9993,23,1e+30,True,2.5151011009965925,127.0297434811891,2.7440565724417736,0.640665051221923
MTL,0.9993,24,1e+30,True,2.1816501208778014,6.143182875708353,0.0027482584037307844,0.1735215475782932
MTL,0.9993,25,1e+30,True,2.032205526670059,25.64470879315873,1.055187433006098,0.3691192392457463
MTL,0.9993,26,1e+30,True,2.408522882403247,597.3823948818805,0.099135259082599,0.854921471418369
MTL,0.9993,27,0.0006231862947282626,True,1.845361611584184,16.403707938424304,1.4156547505763062e-05,0.3018124576246832
MTL,0.9993,28,0.001845818338635052,True,2.5080814385664625,7416.659704933992,1e-10,1.0903169396783614
MTL,0.9993,29,1e+30,True,2.5997548487821165,83.07045857761014,0.010249337958316018,0.5874909439494385
MTL,0.9993,30,1e+30,True,2.446270728169602,11.7453511583586,6.487938126210967,0.28963828297389915
MTL,0.9993,31,1e+30,True,1.8872428614493786,8.97877112975747,0.025489316011266278,0.20710298617263898
MTL,0.9993,32,1e+30,True,2.5731778484808663,241.43012916755106,3.6449848381274177,0.7392515152280053
MTL,0.9993,33,1e+30,True,2.073401777475315,7.34760186324558,1.382005944447148,0.19121367591744232
MTL,0.9993,34,1e+30,True,1.8912907430958201,6.9139631988887755,0.005696489106873405,0.16955362457108464
MTL,0.9993,35,1e+30,True,2.3254753244492408,443.8278969345378,0.009240279253199833,0.804705313857488
MTL,0.9993,36,1e+30,True,1.9128004978940556,99.21148474171662,0.002092805845649887,0.5565499323169436
MTL,0.9993,37,1e+30,True,1.7423057886928572,20.6912596002811,0.005620442493568695,0.31847997221051333
MTL,0.9993,38,1e+30,True,2.4442509805712866,7.504145856578888,0.6974353518059336,0.22461208480749187
MTL,0.9993,39,1e+30,True,1.944373614159553,593.7651029773301,6.558603734740059,0.817687240565671
MTL,0.9993,40,0.0004267747869034254,True,2.1975635306162355,15.987911449967388,5.895705438094177e-05,0.3431607455455272
MTL,0.9993,41,1e+30,True,1.8451219769815923,112.40088851322999,0.10630511969097402,0.5700698981205642
MTL,0.9993,42,1e+30,True,2.4925409075416285,4.385676785177068,0.28590185351642206,0.15133704737563713
MTL,0.9993,43,1e+30,True,2.063925648693515,26179.27994356802,1.0155802309919852,1.3742210611743548
MTL,0.9993,44,1e+30,True,2.3820818764653287,37.47545806165617,2.585631591904357,0.4518294940343916
MTL,0.9993,45,0.0004476201682607224,True,1.8099025695509856,7.874498600644395,5.568287905131661e-05,0.21715266424253118
MTL,0.9993,46,0.0010146963405649662,True,1.8979332144457952,37.23402074879353,1e-10,0.3941651865208618
MTL,0.9993,47,1e+30,True,1.9137928059545897,925.8069780310444,5.098634824513753,0.8798737688406079
MTL,0.9993,48,1e+30,True,2.388702961970279,6.3696026421052325,0.013411474413880959,0.1959162015323169
MTL,0.9993,49,0.0001989395137268256,True,2.7067896687320365,275.01431829993055,0.00011196403508425752,0.800574522747871
MTL,0.9995,0,1e+30,True,1.7569810680586488,2258.940981936884,0.19421793594550904,0.9986492512932161
MTL,0.9995,1,1e+30,True,1.9492267336066986,9.313019945598585,0.002737080715836047,0.21663365830634976
MTL,0.9995,2,1e+30,True,2.206874210848597,74.02300679287535,1.7726365889552171,0.5357597829384808
MTL,0.9995,3,0.007235989456533281,True,2.3120632983911786,6.447841278002842,0.0003232504693597862,0.1910935860150511
MTL,0.9995,4,1e+30,True,2.169645034325634,65.31325892384602,0.009798596293374786,0.514722091855551
MTL,0.9995,5,1e+30,True,2.262827959525063,28.927700242698613,0.14852630460319452,0.40427048930705733
MTL,0.9995,6,1e+30,True,2.095754623383767,13.449052963979398,2.0854709332903703,0.28037149150181356
MTL,0.9995,7,1e+30,True,2.496630776640133,74.75523075301982,0.0025397695660193177,0.5621760769080414
MTL,0.9995,8,1e+30,True,2.0728646487052527,1526.8705369798824,8.046773877943451,0.9635747685702418
MTL,0.9995,9,1e+30,True,2.547894685497174,93.09266300242484,7.233177149452154,0.5988363245098326
MTL,0.9995,10,1e+30,True,2.460358476875636,9.384318738120767,0.02210771551338468,0.2584468495905508
MTL,0.9995,11,0.025855794087245032,True,2.3896644667340974,4.6958719529734365,0.0001491367950693018,0.15187742956674297
MTL,0.9995,12,1e+30,True,2.2124017634138,56012.585998335264,5.39850977348713,1.495649804300275
MTL,0.9995,13,1e+30,True,2.0476088624027082,28.531428047194627,1.628357250073487,0.38567613524842337
MTL,0.9995,14,0.0036640850074914945,True,2.1498652431488137,2166.0054433204878,1e-10,0.8481077323454987
MTL,0.9995,15,0.0002491563619500702,True,2.6265771738588066,84.11285386054624,7.168752883455093e-05,0.6317033142340032
MTL,0.9995,16,1e+30,True,1.9875754595456492,148.6171830080583,0.015017023175659758,0.6202350240169497
MTL,0.9995,17,1e+30,True,1.9409085877795742,17.896329029647784,2.283203745231976,0.31059658947984814
MTL,0.9995,18,1e+30,True,2.3572635947191305,142.83963378319706,6.651946534615536,0.6433337963804912
MTL,0.9995,19,1e+30,True,2.0963638660997814,140.54956174680112,0.02585789046154534,0.62006298870581
MTL,0.9995,20,1e+30,True,2.2630086176633037,22.584151126366955,0.3054502606526229,0.36845556639457644
MTL,0.9995,21,1e+30,True,2.3684395760738783,9802.112052045914,0.0827110247845071,1.25633869457674
MTL,0.9995,22,0.0023791253937233657,True,2.2565574783344844,1051.0212250096251,1e-10,0.7976594049819861
MTL,0.9995,23,1e+30,True,1.8814222629255974,38.23021611480042,0.001998460191118231,0.4163999222133675
MTL,0.9995,24,1e+30,True,1.7698962501594568,45.200734470381235,0.014130963604656096,0.4333304075981951
MTL,0.9995,25,0.0008517465330638862,True,1.8298816170815284,26.035123661920903,1e-10,0.34915056078661966
MTL,0.9995,26,1e+30,True,2.385587566110489,9195.834746931045,0.045446918408015985,1.248595534167085
MTL,0.9995,27,0.011631663491302483,True,2.163469306379958,9.575187006402562,0.00013197076954174185,0.23634657451707972
MTL,0.9995,28,1e+30,True,2.3904661403036487,10.317364281197742,0.026509220954514343,0.26587650962003795
MTL,0.9995,29,1e+30,True,2.0668276213897947,22.823796328883063,3.4179765967795928,0.3547777578712314
MTL,0.9995,30,0.0004667588435160901,True,1.938563111138093,11.724995565409221,3.154263781365648e-05,0.2747045122764394
MTL,0.9995,31,1e+30,True,2.2416840956443274,13.477049216372722,0.3112244772585138,0.2920015511316618
MTL,0.9995,32,1e+30,True,2.2857365311487188,4501.4051408954265,0.008417172925554333,1.136689538199656
MTL,0.9995,33,1e+30,True,2.394357908959739,14.607172159057052,4.7039714104201895,0.31654223137283033
MTL,0.9995,34,1e+30,True,2.002002524541605,14.18767850765266,1.866491267202948,0.28127311163774177
MTL,0.9995,35,1e+30,True,2.488108975062882,8.719063182794768,0.30106512418703923,0.25037974056554135
MTL,0.9995,36,1e+30,True,2.3483593316747315,25.079854253846303,0.058468498158746246,0.3907753524375603
MTL,0.9995,37,1e+30,True,1.872008657940676,15.717628615813659,0.023468239537807658,0.28712033189627817
MTL,0.9995,38,1e+30,True,2.2491532194781128,33171.6806384238,1.6718000242516302,1.422775238091806
MTL,0.9995,39,1e+30,True,1.9405591875417092,4016.646559394834,0.7438278321740495,1.094118672086588
MTL,0.9995,40,1e+30,True,2.4904818630808068,67.62651657860592,0.6912489461895535,0.5470929994563871
MTL,0.9995,41,1e+30,True,1.7561226193668817,4580.821423723933,0.0790399209316473,1.100920789419485
MTL,0.9995,42,1e+30,True,2.298274405896961,11329.542013608252,0.0025720807472818016,1.2713264833874875
MTL,0.9995,43,1e+30,True,2.030494708505387,18.01392359451279,0.10927434693426757,0.31787580079518934
MTL,0.9995,44,1e+30,True,1.755514874110182,338.81797655648444,2.9150410418847534,0.723963783100698
MTL,0.9995,45,1e+30,True,2.0966748445966927,441.28082098321704,8.779594703388677,0.7856822667378717
MTL,0.9995,46,1e+30,True,1.8621249416613779,68.46489302662073,0.03337464903005619,0.49944537627241686
MTL,0.9995,47,1e+30,True,2.1528675772246806,268.63306559109327,3.4922014748405608,0.7181046709887429
MTL,0.9995,48,1e+30,True,2.5946945779701744,145.58988382547307,0.007971655138355545,0.668193464689027
MTL,0.9995,49,1e+30,True,2.1952335890232826,48341.98793757314,0.49228012289380746,1.4729759012606023
MTL,0.9997,0,1e+30,True,2.3233897088469626,453.53674601259627,0.006980196096075745,0.80766075542756
MTL,0.9997,1,1e+30,True,2.2654937225847878,68.15304800405697,2.602575295977029,0.5285212953163568
MTL,0.9997,2,1e+30,True,2.5655657165105192,5601.054303584183,0.0011803652111484152,1.193569484770592
MTL,0.9997,3,1e+30,True,2.318684635455171,7.605466368923305,0.0776029928341953,0.21555035749735063
MTL,0.9997,4,1e+30,True,2.455107889864818,10.945314283359147,0.4671778390314036,0.2802355279784687
MTL,0.9997,5,0.015484908129972675,True,1.9690668020763542,6.566196213580477,0.00010530185349568103,0.16743534380787461
MTL,0.9997,6,1e+30,True,2.005534494362803,1294.795531847691,8.342468696010219,0.9348267506846738
MTL,0.9997,7,1e+30,True,2.3462905256096027,41.3900692336733,0.011632813778421318,0.46310732271540267
MTL,0.9997,8,1e+30,True,2.3955555065586696,17.35372075652509,0.004801751659094093,0.34158524710159843
MTL,0.9997,9,1e+30,True,2.4683861957070263,5.362354405786237,0.04562115709628222,0.1781872230803917
MTL,0.9997,10,1e+30,True,2.5168706345746794,198.5954389318726,0.003072827555034925,0.7055090346974315
MTL,0.9997,11,1e+30,True,1.9827201048939427,32.31417104925828,0.7330942078190025,0.39904333565796707
MTL,0.9997,12,1e+30,True,2.363963565760522,29.34786253859226,0.13321585576318495,0.4148674563709025
MTL,0.9997,13,0.00011094228755456682,True,2.728578641999479,774.0970767385616,4.936385790958942e-05,0.934287630929157
MTL,0.9997,14,1e+30,True,2.49220724553891,6.6676589640510295,0.05850256027253269,0.2119394174610793
MTL,0.9997,15,1e+30,True,2.5713219212407123,13.22446564172687,0.581510610523279,0.3186790738987834
MTL,0.9997,16,1e+30,True,2.2705883314475415,1042.3015920913965,0.7280729441767295,0.9236974722408314
MTL,0.9997,17,0.0037798184355226482,True,1.8764019139762187,7.791530022044232,0.00016553171317233362,0.18584656453579454
MTL,0.9997,18,1e+30,True,2.3956515589404694,95.82100746656663,3.6505987552787675,0.5889012802417593
MTL,0.9997,19,1e+30,True,2.3895095811968012,1235.6974584002087,0.007565120987846564,0.9584376046054125
MTL,0.9997,20,0.0008057315939780945,True,2.3582819017514383,139.00436956777224,7.6227749427525736e-06,0.613234152696259
MTL,0.9997,21,1e+30,True,1.7889693321613813,14.230194517647108,0.01164375119012098,0.2672760910350785
MTL,0.9997,22,1e+30,True,2.169321485962517,5838.136504105212,0.0019296880513420195,1.1649937558836194
MTL,0.9997,23,1e+30,True,2.4383287803161178,132.69234701972655,0.006948660696862921,0.6398405886521829
MTL,0.9997,24,0.0004234740908400887,True,2.6142725103421305,514.2472846600518,3.0276997011803492e-05,0.8336946703658759
MTL,0.9997,25,1e+30,True,2.343353001095647,123.7375176626276,0.8961412784370613,0.6213596255637895
MTL,0.9997,26,1e+30,True,1.990617117782474,18.92256677957257,0.0011093963561381,0.3221458101209447
MTL,0.9997,27,1e+30,True,2.066322200364238,1216.2368907794596,0.012599884363304031,0.9301711692406553
MTL,0.9997,28,1e+30,True,2.1698520186203845,8.649981651713857,0.0021087917374325244,0.22213348260241178
MTL,0.9997,29,1e+30,True,2.303571876603517,22.770200800991095,6.179892542158314,0.3729966364542978
MTL,0.9997,30,1e+30,True,1.9149293169368569,10.713916639812766,0.6642791875359251,0.2345538674336627
MTL,0.9997,31,1e+30,True,2.31170509558233,84.42432006212181,0.0013510399017726557,0.5633415584027557
MTL,0.9997,32,0.00037554209238043954,True,2.509515803985742,121.77039143451209,2.6670545130512444e-05,0.6352120002774899
MTL,0.9997,33,1e+30,True,2.499274185904949,7.298390692116813,2.6458195652468723,0.22568635893733272
MTL,0.9997,34,1e+30,True,1.8712725731356241,33.70953987219455,2.2607013009647194,0.39750467501759956
MTL,0.9997,35,1e+30,True,2.043898808687048,499.62253454447205,0.002109205704092046,0.7997643112255898
MTL,0.9997,36,1e+30,True,2.4930812408923995,93.99885293202718,2.9087350511684447,0.5949961139347234
MTL,0.9997,37,1e+30,True,1.9115081692193798,14.657732659078638,0.16096886306355868,0.27968433588958974
MTL,0.9997,38,0.0006214157829693244,True,1.7292251906705758,14.318367350972473,7.5126840325319305e-06,0.2745779330615391
MTL,0.9997,39,0.008739174848873116,True,2.3415634053467986,10.111935920276768,0.0001231076027476186,0.25872188361844684
MTL,0.9997,40,0.004219143817812457,True,1.9727725383239052,1355.5056686593055,1e-10,0.7707596835783294
MTL,0.9997,41,1e+30,True,1.7652818048134074,42.00992929929405,0.8912632670136478,0.4224399547577565
MTL,0.9997,42,1e+30,True,2.1411537289070948,70.80110086414052,1.125185750064039,0.5242042230182541
MTL,0.9997,43,1e+30,True,2.400973915630321,393.0835396401464,0.01111147184820321,0.7936735470337021
MTL,0.9997,44,1e+30,True,2.1929214032293554,581.365347968907,0.0789672508337523,0.8329610268772393
MTL,0.9997,45,1e+30,True,2.5646819814305157,10.731672063249377,0.02521112542269107,0.28779254040769925
MTL,0.9997,46,1e+30,True,1.9767872803876492,7.812973032293051,7.424822548560473,0.193140057379291
MTL,0.9997,47,1e+30,True,1.9205035677593731,193.06554173009306,0.46453202325523796,0.6534385348856033
MTL,0.9997,48,1e+30,True,2.536685663041713,4.415190337738827,1.3194505144790925,0.15651326514066852
MTL,0.9997,49,1e+30,True,2.028124748537737,272.5742663407443,0.003437290728368111,0.7109197662623093
MTL,0.9999,0,1e+30,True,2.025887294091728,246.4309674997586,0.3571632026904336,0.6961647496179342
MTL,0.9999,1,1e+30,True,2.5171419131253137,6.311253070647739,0.011512872348442716,0.2063482446703423
MTL,0.9999,2,0.0004659476890876422,True,1.870753523956547,12.854028999200384,6.2666986072872655e-06,0.27743029877664005
MTL,0.9999,3,1e+30,True,1.9771976439886716,141.16410815437084,0.26027745024913734,0.6120561126704565
MTL,0.9999,4,0.0004974554527894511,True,2.4606368423301443,8.793132418505401,1.842104370950107e-05,0.3353844787259839
MTL,0.9999,5,1e+30,True,1.844249785890894,58.480592084872846,1.2064658119352865,0.4754447869905065
MTL,0.9999,6,0.0031824231371851966,True,2.4633509602548003,30863.551304240722,1e-10,1.2116194952667105
MTL,0.9999,7,1e+30,True,2.4577584584485077,6.480134772705616,0.0012128076105936188,0.2046121837162621
MTL,0.9999,8,1e+30,True,2.530993026421723,12.526624902146962,0.008195731889460496,0.306895992218166
MTL,0.9999,9,1e+30,True,2.2643324754493217,5.787772581576178,0.002116389725564383,0.17150500344938455
MTL,0.9999,10,1e+30,True,2.2476720443608103,7.756243379146913,0.023970624512068037,0.21252045817796075
MTL,0.9999,11,0.0011386250899519798,True,2.6073845300038125,6551.333809429291,7.956093907480097e-06,1.1132398090197018
MTL,0.9999,12,0.0020264299179990853,True,2.4501881265870433,4298.128593043837,1e-10,1.0045209781442936
MTL,0.9999,13,1e+30,True,2.1108053133001854,6.7387587114981295,0.11987171334761608,0.18148210976200013
MTL,0.9999,14,1e+30,True,2.2430165457100926,35.67314107077784,0.028586109677556856,0.4329970761966082
MTL,0.9999,15,1e+30,True,2.13286235162481,617.4242769074832,0.1881979556830269,0.8370247113879833
MTL,0.9999,16,0.00027150901662592955,True,2.48339644179954,28.211783073283343,1.4657507452608953e-05,0.4689393232867706
MTL,0.9999,17,1e+30,True,1.900598739742556,17.32273876285618,0.46721088156227775,0.30312082562121423
MTL,0.9999,18,0.0029432251620125183,True,2.1158120511807206,823.1738524204843,1e-10,0.7431491534757044
MTL,0.9999,19,1e+30,True,2.4188403006878914,19.851849367035083,0.5203245820396716,0.3631225469596924
MTL,0.9999,20,1e+30,True,1.8045796110507357,31168.63059839474,0.03110714021199011,1.38156997941214
MTL,0.9999,21,1e+30,True,1.9561889408884876,6.064151123831381,0.0007793540822640583,0.1550231553917372
MTL,0.9999,22,0.027628295819635353,True,2.6668880226772154,6467.218831807762,3.0192571355492627e-05,0.9407396605605297
MTL,0.9999,23,1e+30,True,1.8136330927930953,16.526843547314346,0.007855540112253222,0.29053039019398436
MTL,0.9999,24,1e+30,True,1.7842159484882003,4563.779030725853,0.028896761501867624,1.1021774488173623
MTL,0.9999,25,1e+30,True,1.8934864232888458,23.617710487574872,0.025448269929886826,0.3475040590718477
MTL,0.9999,26,1e+30,True,1.77399024624611,342.3112762883277,6.179860560992793,0.726626801235666
MTL,0.9999,27,1e+30,True,2.6033748143875695,31.464256472472005,0.0013771025770214311,0.44734121847282793
MTL,0.9999,28,1e+30,True,2.2576638883957023,2316.4230864068295,1.1425062881745849,1.0382260399910124
MTL,0.9999,29,1e+30,True,2.0673895104315876,100.42127398648113,0.0020532412902630913,0.5692563369544166
MTL,0.9999,30,1e+30,True,1.7624099319190636,63.72970320371675,0.0004229804748839417,0.4825750101790959
MTL,0.9999,31,1e+30,True,2.1205155473368125,15.074541907195945,0.002266134866070765,0.29874661917961454
MTL,0.9999,32,1e+30,True,2.4018531479062624,1512.8085716759765,0.00036818519361913525,0.9888129507556301
MTL,0.9999,33,1e+30,True,2.550752315949753,10.870971230926882,0.016360572832761558,0.2882934830871406
MTL,0.9999,34,1e+30,True,2.0091810076380616,3304.3762033261296,4.544416408904575,1.0706900121175211
MTL,0.9999,35,1e+30,True,2.5407205833565354,358.2854445662766,0.000518137188085319,0.7932056244758028
MTL,0.9999,36,1e+30,True,2.1637436346772465,7.024221943828966,0.002506039781276069,0.19152691581943923
MTL,0.9999,37,1e+30,True,2.189940599272355,61.20461030895942,3.3695767510982892,0.506902438491227
MTL,0.9999,38,1e+30,True,1.8322236655732753,8.623241888348153,3.329556232261525,0.1975926721189302
MTL,0.9999,39,1e+30,True,2.079356013343621,10790.463816900352,0.0736238502388766,1.247078438413771
MTL,0.9999,40,0.0003691083334797287,True,1.9060506742550607,9.180163978046172,9.325011028737502e-06,0.24514132982958373
MTL,0.9999,41,1e+30,True,1.9343289921743008,8448.98952072638,3.764954894435494,1.2013145180281206
MTL,0.9999,42,1e+30,True,2.292511590998082,481.5508053746909,0.0014331229744115278,0.8137462944531388
MTL,0.9999,43,1e+30,True,2.257490806655606,6.013119653322279,6.952156293209989,0.176474903744091
MTL,0.9999,44,1e+30,True,2.037538191388096,12.905281979752829,0.1615073205114545,0.2701147185969488
MTL,0.9999,45,0.0002535171981640973,True,2.48687907317778,36.871419706698866,1.3848353994407142e-05,0.4992390743616431
MTL,0.9999,46,1e+30,True,2.5474975835201534,54.08620654508329,0.009576303874143616,0.5202034228265169
MTL,0.9999,47,1e+30,True,2.540630178718409,17.88775327986148,0.07297846796775093,0.35939080466961526
MTL,0.9999,48,1e+30,True,2.610429876990449,8.975519251667844,0.0005064849110016929,0.26650637424281776
MTL,0.9999,49,1e+30,True,1.9933083852601214,111.08303700371191,0.5167854141732526,0.5785088946211272
MTL,0.99995,0,1e+30,True,1.7594619237282743,532.6008747146547,0.009155575739346928,0.7896803673752529
MTL,0.99995,1,1e+30,True,2.377975417726178,24805.387668367523,1.254445777462135,1.3915521624192002
MTL,0.99995,2,1e+30,True,2.079470612223244,11.37553098155158,0.022250509027595452,0.25492533296490955
MTL,0.99995,3,1e+30,True,1.7486534651195285,10.312463683919391,0.40671276615967406,0.218093023519361
MTL,0.99995,4,1e+30,True,1.865982044384288,10.01627537985644,0.38150705373747684,0.22150330475156962
MTL,0.99995,5,1e+30,True,2.117139061875416,13.942751863841382,0.008444044503452883,0.2871951215604991
MTL,0.99995,6,1e+30,True,1.834506287777585,73.06920958879218,1.5595875209433607,0.5070367637896891
MTL,0.99995,7,1e+30,True,2.151657209489562,14053.750194243667,0.09681023890466466,1.2907768478673147
MTL,0.99995,8,1e+30,True,1.801684455169081,7.609716607938978,0.0029340544412733557,0.17750180294779
MTL,0.99995,9,1e+30,True,2.2427719003305513,360.5373531723018,0.003422383933813973,0.7677812932869675
MTL,0.99995,10,1e+30,True,2.3180446976524354,227.36473316496108,0.311568614051906,0.70726568986334
MTL,0.99995,11,1e+30,True,1.9449760156005158,52155.41192148945,0.004187016385673905,1.465496853336636
MTL,0.99995,12,1e+30,True,2.556101752434782,5.018561361887779,0.0012695797632609686,0.1769419914843383
MTL,0.99995,13,1e+30,True,2.125432463119771,84.59734319778808,0.0037545602105540426,0.5487742566582067
MTL,0.99995,14,1e+30,True,2.283425139337268,65.7553289556463,3.668717556192198,0.5248125391641676
MTL,0.99995,15,1e+30,True,2.2732520728950814,5.075638166012695,0.004388824182914452,0.15323314373740826
MTL,0.99995,16,1e+30,True,2.1413824728704784,16.910379678448876,0.018591710446226112,0.3169668049966626
MTL,0.99995,17,1e+30,True,2.2919002726190723,12.173284256112366,8.356973878716001,0.2813884270708883
MTL,0.99995,18,1e+30,True,2.133430986093838,18.12742152903408,0.00036044245235834185,0.32641891937899775
MTL,0.99995,19,1e+30,True,1.7979587364847922,1562.479313925185,0.00751928385914438,0.9479245860779587
MTL,0.99995,20,1e+30,True,2.271774449194637,4416.016692343065,8.188941224442456,1.132766315422947
MTL,0.99995,21,1e+30,True,2.104218493840944,15.036150951942897,9.248172017426333,0.29715005947330597
MTL,0.99995,22,1e+30,True,1.7570491178844494,3228.7074347293856,0.002803846429829615,1.0503513758044811
MTL,0.99995,23,1e+30,True,2.0887615651074523,24357.04227489601,2.1651580371065395,1.3656149431566598
MTL,0.99995,24,1e+30,True,1.9278472608198138,137.14371316554337,1.80606140977753,0.60444240268472
MTL,0.99995,25,1e+30,True,2.0416262023736085,1171.2808759531074,2.233465175177189,0.9229146213577444
MTL,0.99995,26,1e+30,True,2.056952076564823,1028.8847861728327,0.0022246320193812365,0.9052711781518398
MTL,0.99995,27,1e+30,True,2.0784889174300076,5.977698242412105,0.4312179589087511,0.1617250203987313
MTL,0.99995,28,1e+30,True,2.5836078937656675,16.22620477636439,1.258355574994677,0.34950706394640174
MTL,0.99995,29,1e+30,True,2.437018141980288,9.661202755830123,0.17394808074693588,0.26052455358234083
MTL,0.99995,30,1e+30,True,2.534327774052899,1678.3364155077895,0.03107774449065552,1.016093452424396
MTL,0.99995,31,1e+30,True,1.7439045095800856,9.220198799717776,0.009499440021386802,0.20158837012153843
MTL,0.99995,32,1e+30,True,2.36505913553888,34.93491443498906,0.015887692030669094,0.44018522591207526
MTL,0.99995,33,1e+30,True,1.9480383721295413,156.61321768078403,0.0003354634312060226,0.625050370045061
MTL,0.99995,34,1e+30,True,2.092856894929225,945.8687663200828,0.0006036511331069859,0.8957476183678745
MTL,0.99995,35,1e+30,True,2.3088991043694715,76.34855136427177,0.0543492256860147,0.548553208960064
MTL,0.99995,36,1e+30,True,2.204215798694973,10693.815948992558,0.002386354045388217,1.2553302027483768
MTL,0.99995,37,1e+30,True,2.0611854690422935,1212.7242543896248,0.0595105642672071,0.9293752013036639
MTL,0.99995,38,1e+30,True,2.2933035397406067,40.6800358022546,0.003606800643350067,0.4561286710143808
MTL,0.99995,39,0.0005779422664950634,True,2.607323262972167,1268.9551201258448,6.82364901562662e-06,0.9380812983287111
MTL,0.99995,40,1e+30,True,2.346785191671811,20578.159374076655,0.4938161835422851,1.3618103228506004
MTL,0.99995,41,1e+30,True,1.9216761423193665,7.85015260477061,2.4792647793767943,0.19000085886070106
MTL,0.99995,42,1e+30,True,2.0123468979600028,9153.744562780521,0.0009287836963056669,1.2183906717928148
MTL,0.99995,43,1e+30,True,1.8546713470950136,31.6272430507201,0.592588911591026,0.38716923327304487
MTL,0.99995,44,1e+30,True,2.427267888810491,15.205958173756859,0.00457414533024129,0.3252915634509692
MTL,0.99995,45,1e+30,True,2.182478987258004,654.9417653038187,0.039896821493004525,0.8493902215319737
MTL,0.99995,46,1e+30,True,2.3372629983744013,5.485445991310808,8.839596223120084,0.1698311547127829
MTL,0.99995,47,1e+30,True,2.307420156882669,9.793964367083339,0.008323022524204816,0.25120670119464467
MTL,0.99995,48,1e+30,True,2.43905195193385,7.996140206177058,0.007702021011275608,0.23333076588550783
MTL,0.99995,49,1e+30,True,2.3956236020648296,68.53783476973223,2.0395972425854474,0.5403982034968534
